UserID,Username,Password,Email,IsChanged,Designation,SubroleID
1,Neile,$2a$04$ztsBUeqX08deNFdvJPH8yuXdA6x8gdSzXAdfLwOJuKv6jOA07kNDO,npipping0@artisteer.com,1,User,1
2,Coretta,$2a$04$ECdN.zsgBO5oHrbhpaEZDuq1S/7CpfDZKFhPTRy0m2m4P9sK9LO4O,cpach1@yolasite.com,0,User,2
3,Evangelin,$2a$04$5trVi181Z59NR.ZP77i6/uENz9huEEjIcdKmMmeAY1e2Y56ntLHiG,egerren2@infoseek.co.jp,0,User,1
4,Carmelle,$2a$04$.kwBObgTLPP4VVEmyDeVVO826KdcJHknJO4KLgLQl7K71aTEPazNC,cklainer3@stumbleupon.com,1,User,2
5,Odo,$2a$04$u62b1y6iAkdHdVvpniPrae2fmnPt2Qqi.3c92.3IfMWQS1746s3/W,olinbohm4@java.com,1,User,1
6,Alexandre,$2a$04$PXDqEdTH0mgds.INUw.r2u1BMwlVpCUXnxYevSOw8ujBksh6Yog8q,ahandlin5@acquirethisname.com,0,User,2
7,Lin,$2a$04$8.SaM0ezsjO7OkDG2rWPA.2tN4/yBha2qOXgJOOgNN.GBaCBpY/HC,lgreatham6@smugmug.com,1,User,2
8,Eddy,$2a$04$qU46WmOcd8lkCbtCRMPAveOeD88mQ.Pb9HG4G93ok30fG6l6cuVX6,eshipway7@va.gov,0,User,1
9,Erskine,$2a$04$T724K5u5UEfZLYWe452x1OpiO5oa0kVddlQtNeiohy9fqmockiQOe,eterry8@cbsnews.com,1,User,2
10,Krissie,$2a$04$YtwG6u6t0VehmuXgfNChe.vMNPcHqZ5QFwqB40nUaw/Tv78ZqvuFO,kgrimoldby9@exblog.jp,0,User,1
11,Zolly,$2a$04$4ts7dHuWpkvs/kZUIpM93ewRjm/MtzLxD2lojNSyNHJqwCtr9NDRq,zgrimma@wikipedia.org,1,User,1
12,Xenia,$2a$04$5e06.yBKmFF3NPBAqkQoTuJ7ICCnJrTXxt0d9bX1fQjcIxSSrqROW,xbranchettb@tripadvisor.com,1,User,2
13,Issie,$2a$04$UgKXSbZFo4HiAeSrWpjGsuu8SFxBJvBFwpZoHStyxTksD83sSbArW,ichatc@hao123.com,1,User,2
14,Kimberley,$2a$04$gJJf2L.U7q9aCfJ4SClbq.SI3S/rns.0S0wmb9B06wPYOXf2yQPyC,kwalakd@nymag.com,1,User,1
15,Harriott,$2a$04$RMDIugwfiusouGbgGOmvCeAlJynN49nyjngn4WnHaJIHTLPIZwTzS,hblaineye@studiopress.com,1,User,1
16,Parsifal,$2a$04$2v7YG4Zd09GbJF.XjDDQGuDyVMoCyHhpkJYsebVvOLPwtIuocHGSO,pamysf@psu.edu,0,User,2
17,Anne,$2a$04$sVtBlCZ8FXtrQ7vducdikORmc7Ddxx6R9ChlVnKCwmsPcRERx7XBS,apoulneyg@miitbeian.gov.cn,1,User,2
18,Warden,$2a$04$DCpbW3C.H8VPqPlWu//WouaJ3brcJPPsalCOF0UiWQfEV0Q.n0ORa,wcholertonh@chronoengine.com,0,User,1
19,Andrus,$2a$04$lYWJDgtBiCNV3bMudsXxUu8NszZt1RTfA2vmKLFzKKI7.Hd1Z2tPC,abrucki@forbes.com,1,User,1
20,Konstance,$2a$04$p01lEjHc/lUuR52sntiDhOYmQedfDVn1xybdfj6Yh8xxZGkVjDlkO,kfisbyj@globo.com,0,User,2
21,Lucienne,$2a$04$A5zS2vToKbfUfb0cg7fYK.FmHuggEvMQNoo7VdTvIsFSR8sp/38K.,lmckeak@tmall.com,1,User,2
22,Emeline,$2a$04$/7tYmYPPhMpnnIEEtRtdluo4bQnDdt8Asy7Ip/1M6X9BRe7muH0rq,edeathl@odnoklassniki.ru,1,User,1
23,Theodoric,$2a$04$K5.t0fwyQwk3t/IE3ryt7OMl0Udh16xuALABp.V5n3F4hrCiNJ1re,twardhawm@dagondesign.com,1,User,1
24,Grayce,$2a$04$axV5KDdi5hOaHlwk0kOEkeQi0c05MIi2fA99wAiZJwiSffq7n8pX2,garriguccin@trellian.com,1,User,2
25,Sibeal,$2a$04$Bkl/zKx1brUcbI7knrsCVeUgiT9HqTaxtKtJl5V6LuvLw41urLwD6,ssymeso@blogs.com,0,User,2
26,Horten,$2a$04$DlwOuifQqP4MR0w3pfCE5.jM1vQnNOSsvexZ2pScTH1PhoA6LGjPC,hpinkep@washingtonpost.com,0,User,1
27,Darill,$2a$04$ORJL6rU8tsJ5h5C//HZfaeN5lLYXZqvhWRuOIwrXeWVE8CIplcZzC,dadamskyq@blinklist.com,0,User,1
28,Pennie,$2a$04$KWU1blV9JH8uNsdiC8Q9Ke13EcBb5GocWxi4EVxdmFmErFhxo/Dx6,pabbisonr@ucoz.com,0,User,2
29,Darice,$2a$04$QYdDGe4YiTAfdvC/cW7DsOuTQh82lClgT9XGIgYdryYC.tER0xL0m,dadhamss@kickstarter.com,0,User,2
30,Thor,$2a$04$tzugoH0.n/Q3QZZUsUV0X.Hh2DDxrlMSPB7rKmckjn9RSpeBALp3i,tosheat@rakuten.co.jp,1,User,1
31,Patin,$2a$04$YXnEkmRXEVAbBvL.K54TV.iWlKvwpoRGJUxTz2z61TygYdBh7EFb2,ptallmanu@jalbum.net,1,User,1
32,Oralia,$2a$04$5xSDiZq.QlSneBEYZWHIIOAXUnSjMyQ20IT8sJNek9a.rV3NxOUK.,obritnellv@artisteer.com,1,User,2
33,Burr,$2a$04$YzmB5E3j2yzaKXXCdhlX9e148ZkfbYovLpWPxXSQz1IEMIjef1Ptm,bspearew@acquirethisname.com,1,User,2
34,Kristofor,$2a$04$EDi4ySR4KE1dUFqO6mxQGOI58vpJIgIgcyaNI41AMVu78uRNW.i/2,kdufferx@apple.com,1,User,1
35,Lanna,$2a$04$OzjAOmN7LNCRHg3B8C9qdOB/r.yReY14GGZb.dRw7DuInT.mqBBl2,lfilipsony@mail.ru,1,User,1
36,Udale,$2a$04$.NPjfT2OTa3dW.197yaaq.jhEBRXId/We8CWMcmxFGR.PSmHzJ3Di,utarplyz@wikispaces.com,0,User,2
37,Rowney,$2a$04$hbHGePCfUCzAqndGcu2k6OEfCgOZt.GxO1HOEgzcDPLg/.aRC2MGW,rdecarteret10@ifeng.com,0,User,1
38,Saundra,$2a$04$eH0JtGjpiBCcaINbd5LPquFpe4t8txiSx5vRfgVe109TJrHjiHx9W,schelsom11@last.fm,1,User,2
39,Krystyna,$2a$04$zK7/l9nbzWxcdnSOim4Mb.msUP.IA6FzSiLdUr1H/2ewLhPlEq9EC,ksimoes12@miitbeian.gov.cn,1,User,2
40,Rolf,$2a$04$ZXE3.23JoPj8Tn3b./IDveegBgrfSoG81Qmtm2WBeAZMj/vyrPFxy,rciepluch13@dell.com,1,User,1
41,Teodora,$2a$04$euG1Z3YbD7vGKcyQvCeHcu2jG8CDkmNht2pgTLvOpQS/2rYER/5Gm,tfleg14@technorati.com,1,User,1
42,Sig,$2a$04$vtXaI5y78UhoPUy3vpPSp.n2nYUqFZSDKB2HGK6QdgzZf5iF5Wwre,sheeney15@alibaba.com,1,User,2
43,Merrilee,$2a$04$99pblCJPF1BFN57maVvGmehIrv6L2e.p8yjaUpFKEwsbp1Iq5ga/i,mkennicott16@cocolog-nifty.com,0,User,2
44,Beret,$2a$04$CgR95DJJIt8z6aOcbdCqNuSz7a9tpy/MHbAK/wrIF03Y4DKDxHgO.,btuft17@japanpost.jp,0,User,1
45,Hannie,$2a$04$XNd29NArU8ZFAd8pkZoEM.PtrHbrv1CRTlwf300pPsa1mPigs82OK,hbolle18@barnesandnoble.com,1,User,2
46,Stevana,$2a$04$KkZMeUv1zv.H3.BI0qMft.Q2IGD1w6c92bqzDq7HgDl8Ubbwhh08S,swardroper19@mail.ru,1,User,1
47,Roma,$2a$04$r3Ag0wQjh4OF9tpigdxIkeTdfwmaAbv.fuBJrqPO2AiLCtYDO54B2,rstrangward1a@feedburner.com,1,User,2
48,Ketti,$2a$04$s6fx4DV81hIHtHGKGJhM2OaTEwmk0iH39LuTP/9u6WPwbiUBN3IPK,kdunphy1b@uol.com.br,1,User,1
49,Ulrich,$2a$04$JfqeVF4xXcYr9poPCMOlduce1bbWm4/OBYbYPwzy8HY6ZInHooJKe,ublackborow1c@harvard.edu,0,User,1
50,Mandi,$2a$04$yfT45vAKxC8fx.SgShFHAeWkfV3rJozitq/NYejrLlhnBX/lpyr16,msiward1d@alexa.com,1,User,2
51,Shanie,$2a$04$YANfHk1qeM7u7dUBg.As.uiha7.Q1N.B89MNSgQLTQ..qKpidYbhq,ssherrum1e@google.com,0,User,2
52,Granthem,$2a$04$if4ZTpm6hQjyC1FroAZXBOEyAmsr6NV74BMRgVueMspKSPVOxjYDC,givachyov1f@howstuffworks.com,0,User,1
53,Jessika,$2a$04$2mvfaSX78oHFRhBvkKzM0eZR9ZInJ68F4rDEBKvNZJUORTtwO9DUu,jhalfacree1g@vkontakte.ru,1,User,1
54,Delmar,$2a$04$QbahZ/CrZK1aK8UIE5zOqerBvZXgTY7WQFpM3wpUC5f9nQ3qiV9Om,dcoxhead1h@ezinearticles.com,1,User,2
55,Valerie,$2a$04$mvc6lQy2hRLeJdqh7DNO1eERqtbXV97ziMDHNebEx2PcAn71alqeu,vgerrish1i@wunderground.com,0,User,1
56,Karla,$2a$04$h38oXoxYd98ZtkDzXQhqZe7OWcE/sjpGaKUOSD4zBaKTn9I3Bu7Hy,ksmithe1j@google.com.br,0,User,2
57,Wendall,$2a$04$gcrBAjZrp7YZgyYVTKsmkuhRxgYE18g12I6.hTW/9Hy/hH9XD1gci,whembry1k@nydailynews.com,1,User,2
58,Zachary,$2a$04$2Pmw./DCbzer2bzOi96Z0uhtpZLfUEqhewEXtDLZ5MwfNcqMwA7Zy,zhalgarth1l@ovh.net,0,User,1
59,Joletta,$2a$04$5FQzpCeqnJCX5yzRA9c81ehb19ctkB.D3oQo2ELdACKLenrC6mgqe,jwragge1m@buzzfeed.com,1,User,2
60,Gracia,$2a$04$5p3kOHTxTB9q2Ak038Wlv./eMaNYQMjiujXVXGhOnLvWWuO8rxw0y,givachyov1n@discuz.net,0,User,1
61,Pet,$2a$04$fp.N5gmUiZ2gXgqy9jdNUu78P2eJ3hmHDZl8D75WkPaoQ0Fb4CC7u,pdoby1o@tinypic.com,0,User,1
62,Elna,$2a$04$KkAsB8GjVWQLtUcRHM3EAebHiFsrbS/TghbUTlxzqYPHSIAorsyDG,ehare1p@google.nl,1,User,2
63,Romain,$2a$04$QVn.zRPY7AsUTm0wyALw5.cGOEvXgi6CkiOIZsnzFgnOE877HzfS2,rtender1q@themeforest.net,1,User,1
64,Mahmoud,$2a$04$ySicZyTXhSLpcxJTGKj4zOVjSC4O3q89TgwNR/3kgc715RmBCTmVG,mbassett1r@uiuc.edu,1,User,2
65,Lanae,$2a$04$qRWSXw4daAUqukgo7wMVMuvPJm7NhZ/YXVh8w4YszoufbS5NPrV.m,loxbury1s@prlog.org,0,User,1
66,Lorie,$2a$04$n1dAGmaLtozYwB6M6ovXpOoogpt1QHBSziRIN0Pw8504iSjiBK5zi,lboodell1t@techcrunch.com,1,User,2
67,Ophelia,$2a$04$zjwqF.yJO7AHp6N2PYaeIOwdvU.KNifien61Qbus9BVZXZnv5Aqt.,ocattermole1u@bing.com,0,User,1
68,Lindi,$2a$04$pOUVYbRE5h7HsxlAvxeuhe0qoOqhdQgiKBKsHSSzC87olC0yVpvRS,lwhitley1v@wikipedia.org,1,User,2
69,Flint,$2a$04$DOPFrJqZGemqnYP7i2NM1OzzlaCjFQz343izBx4wzesYAcKjzrigS,fmabb1w@independent.co.uk,0,User,1
70,Berti,$2a$04$R3JiIvDBsjyADADBnWJdL.gOz6Am/RB/XqjIDErgBUZoRZS1bIG.W,bkettleson1x@google.ru,1,User,2
71,Rodolph,$2a$04$KneCMn1L4jOJuJOVQSF1Ie2jVZiFKhmDnFdcHlNrlVsFi.cDHFQci,rmcillroy1y@moonfruit.com,1,User,1
72,Anabel,$2a$04$/CviIP3AmJySz4lHNU7w9OANE49ELsO0Jf7ksulktpXW/nN4ZlAgu,acaisley1z@cbc.ca,0,User,2
73,Virginie,$2a$04$j5k5hD6GSVSGYpoO25FHm.9w0.hYerQdnajrfir4szQolXumyVn.6,vguinery20@wiley.com,0,User,1
74,Abner,$2a$04$/RCki0ocmWvC2S3v8PGye.dULGDbtf6RF.VjEL7QLNE7bjrX7xCBu,ahallick21@macromedia.com,0,User,2
75,Miguel,$2a$04$.DJjmya9B.VMJ.8DKJSNEOxARwiWbO2G9TBVkSrAhIToIs9kCdm6m,mgillon22@elpais.com,0,User,1
76,Mead,$2a$04$7ccUUEFs/yF1dhugDrH1FuPLB4DeUJEYV/a2WjhRYvR0dUPhD03uC,mdummigan23@nature.com,1,User,2
77,Terrell,$2a$04$ZKe0M138G/GQj5p/ztte2.xdvSrApyVpl/m9K135YgqBCPxMOHyfG,thaveline24@answers.com,0,User,2
78,Eddie,$2a$04$L/VORt73P.c8OG/fUgtSk.i3vhUxP.ijCmN6Y0R3d2Cdz7C5NPWgK,epowner25@instagram.com,1,User,1
79,Tomlin,$2a$04$yaEf8QRRVSL7u/W99cSH5eyNFQ8pW.3gXU8FB.T.xiE.9UStcAj1O,tjaime26@si.edu,1,User,2
80,Kenna,$2a$04$Lg2x4mEwHczcsD/8nYGb4Ox2Rrqc7XzmarVObuXdqdez9PgGT76t6,kmacro27@is.gd,1,User,1
81,Nelly,$2a$04$cz5NcHK8OP6AdOu.C6.VJu8FMOpgO/ZDCxUnFc44XFk0OLG1qcQzC,nbatts28@springer.com,1,User,1
82,Domeniga,$2a$04$9LCvsPdvlvkU0YSyeuwkZeG4Wba1vXt63czEa.b22im/5mCN.YxZu,dmiddell29@alibaba.com,1,User,2
83,Thor,$2a$04$8R.HInAFvOVZqYEcr2nWTe5wSoeY0X6wt2Q7DdrwpYyCTJKr7uk.m,tperche2a@npr.org,0,User,1
84,Travers,$2a$04$Xk8UIU1GZDzjJ0LNWV0NQOWRl/jf.WHXRh/NogPVdgqKcCwjEpLuy,ttock2b@yellowpages.com,0,User,2
85,Mervin,$2a$04$ICEJw8St.8ijQbHyeKRIKOgTtNN2.5B4WPBpW9ilLvnldtbGJhfUu,mmetts2c@merriam-webster.com,0,User,2
86,Tom,$2a$04$TV7AZ8Lh08TM.H7wB0VmMOAEvmgen7o/U9iHk38PJHIvn9ZPk7MVa,tessame2d@bbb.org,0,User,1
87,Allie,$2a$04$9nSrJD8VbKzLUEaR1bNbhu735WegCsmygcRrIHggEKgbQjNufxCtq,abirchenhead2e@godaddy.com,0,User,2
88,Menard,$2a$04$mQEezTPJQHJ8ITkyZLMouePrwT.MHwot3s46NhydPv5TOZMHulTMC,mahrend2f@ustream.tv,1,User,1
89,Elmira,$2a$04$4fOWfgd8ibDsUeiAlbiEkeK3RMzEIWVATfQEUV5HVYQSciXrTzD86,ekeaveny2g@amazon.co.uk,0,User,2
90,Luise,$2a$04$gGWPGG6THf.Q9Wf/kdHNleIc7es.yi9zvQGUSs/fC7DGmBA4VyBT6,lhancill2h@miitbeian.gov.cn,1,User,1
91,Jonie,$2a$04$U1EQKhlbtZF/JtYcdCbYY.sWZfcjLWCx.LtwYagj10uPuTmNsBUVC,jlichfield2i@wired.com,1,User,2
92,Kamila,$2a$04$r8Ig3BD15Wz6e49ytw2yqebHG3NdsLTA89ODs1YZ71EIKgKH0xvzO,kwalesa2j@reverbnation.com,1,User,1
93,Isadora,$2a$04$CCcPZkc.rXRYa.VmHSd0S.62hqhh6AAb9oDXCdUXMtWpCf3rmEie6,imarre2k@hc360.com,0,User,1
94,Base,$2a$04$.Q8cz8A784QwpEgxeyhGOOFH1k7ZPx5YidjAWIpSQnBxsZRJt.baa,bmahedy2l@bbb.org,1,User,2
95,Harmonia,$2a$04$uELeiJlSlntKSZqXiZVueuBzfZzQpFFkdjxAr5cXvhb4fmk.YKYM6,hlowcock2m@alexa.com,0,User,2
96,Haywood,$2a$04$ZFW7Dwqa6h02DYixPU2YI.q2m.GMjpWjfJ1SO21x58N4j.wZwXewO,hdunmore2n@hhs.gov,0,User,1
97,Maurita,$2a$04$TOCI6mX5fryRSI26mR51puep05j2I15jsr8ralO0YFrMapS4oxm1i,mjowett2o@canalblog.com,1,User,2
98,Kitty,$2a$04$kCuX9Z79l19GdzzoJAtDvuuOVWNRqD2mF5FJ8bTshs7emMfUBldGu,klage2p@merriam-webster.com,0,User,1
99,Willi,$2a$04$.NzL8cewzI7ZM4dMhTh01OzGfXcuHORAPPxd6NyW4KdBwM/h1M5KO,wfenne2q@imgur.com,1,User,2
100,Shannon,$2a$04$DR5/151cRbmp5MXsMSSANOjsbpBnNdA6xUuXK9FfmmYo8h4vurfVC,sovington2r@opera.com,0,User,1
101,Ryon,$2a$04$7L807z8ecSmn02KTLIqDm.00eqPL2QIh81CXZiBdDw3HgceVMnpw6,rtinghill2s@ycombinator.com,1,User,1
102,Stacy,$2a$04$y6DKyZpBI.ApRKTm3sSp9.0SX8KoAou8iaNHTa0VeTG3d4G6fu0Xa,splummer2t@marriott.com,1,User,2
103,Munroe,$2a$04$Ho2bMXcC6Y5GAqrPEvgTJ.J34Vw4IvAT1BU0vJJbu6eSDszmiRFye,mdrinkhall2u@mediafire.com,0,User,2
104,Thayne,$2a$04$0ZP/7bOQ2VKSQe/Ax5WD3eJko2RRdqOCnUdRQ4ijqFOx1Gp6nQJ0a,tblanchette2v@yahoo.com,1,User,1
105,Diana,$2a$04$1N0Blu1hkJasxSkFCInPve.AvzYAKzdC123aLEhNkv9scE3p8DReK,dcorbert2w@patch.com,0,User,1
106,Kikelia,$2a$04$Hd/hahbT0hkpfyGZ2Od8Wujn9ZT2Qhjz4u9DiJpJLlpwGy5I0ts7G,kfieldsend2x@odnoklassniki.ru,1,User,2
107,Marv,$2a$04$dM2H.zGPpcoBCUJjSozUjeaHlxlx1zap3WF26w6rYw377zYTravxC,mgruszecki2y@craigslist.org,0,User,1
108,Bailie,$2a$04$u/ISYaqrwe6LbDYfqV3EqODaeVIAHfPe515G0zZ7P2AeNq5TncRS.,bjeckells2z@tinyurl.com,1,User,2
109,Jasper,$2a$04$fTI1.1IOucYhMdZtpIYxL.GbpTskLuETMHptlCQKPpeFHIYpaL6Mi,jtroutbeck30@nasa.gov,1,User,1
110,Fletcher,$2a$04$idxlYs4Z155wB8gOJNSy6OyTUPGgYFrBZFZQ4I79hLM8wcSoHVxCG,fhacun31@samsung.com,0,User,2
111,Haily,$2a$04$ebcmVQdIn1avH3vCzxWhm.9uuFdyWjn4Yl4EUcW7FUb1I8k8F/H/i,hwellbelove32@parallels.com,1,User,2
112,Ewell,$2a$04$ffEkU8ofJu/VIFv9P4ipm.rZuSe6xY0OpnB8bEYPDEwFWmzlbn5DC,ewickham33@cargocollective.com,0,User,1
113,Letti,$2a$04$Ynckf5xR96nfpUZaodZ2xOTYOz.1GswY4MGdZKawSVv.2MDKxhyou,lhealings34@rediff.com,1,User,1
114,Holly,$2a$04$9LXo/gmgcByJhICZC22H2.2SyIjZxbBCO07wABHNQRfYaaexEHJoq,htwiddy35@vkontakte.ru,1,User,2
115,Rachelle,$2a$04$hRRPDBNlBkLnfnGBCxsAeOU2Eq6wySVbB1zsBE8Itu2yqa4FFtr..,rcragoe36@blogtalkradio.com,0,User,1
116,Karolina,$2a$04$1on8.QZghbVFdzmhgVecQunhrMARm7XiDePf9bpUTyxRDmGcRUvmO,kalabone37@hud.gov,1,User,2
117,Gill,$2a$04$s36l3MfBuywuUZrSikH6RezY67oMYMRuvDamBQo/fQ2bvh4g/CL8i,ganyene38@miibeian.gov.cn,1,User,1
118,Gabriella,$2a$04$aEV65Wj.arC5uwimthP96.EypFwVUSSyQLb8J/d8ufQUfsNITnV2.,gmcfee39@time.com,0,User,2
119,Spence,$2a$04$HEkFsKD/zUXLFPxfr4dSz.XOvxY7IO1jAPGtVhK39ZTxo55OKg5J2,sbramwich3a@nifty.com,0,User,2
120,Bax,$2a$04$WxDj7IYoNE0G5k6sMvzlrer2qGF6m4cR4rtngSPaMaYLdJ6xDVtp.,bmcmurty3b@shinystat.com,0,User,1
121,Caryl,$2a$04$aNt0XeIWzFW38uz450Sm7.zRW7jWtxd8NYQrALT.KoYxBbmdMJA2q,cbrinsden3c@1688.com,0,User,1
122,Lisette,$2a$04$uOA/5WI2OpDIlFXln0Zdkupms1d5GJ48vWaB6URchMg4WHYFk38Iq,lhitcham3d@cloudflare.com,1,User,2
123,Eugenio,$2a$04$vT6zrLkFk7Vd8TXgOCH18ukfwyj9lymMRlzi9SH9J/ivcaojkbf/6,eashley3e@flickr.com,1,User,1
124,Tulley,$2a$04$BImqd2hfdHMp7CRlIm9Vt.sUGK.CcKlLRRpyzdzZCDTy/Z8BzBavu,tlongfoot3f@weebly.com,1,User,2
125,Dom,$2a$04$wQDF7wjIlTj3oUR0KfblgO/BBZN8YrReg6Sp2XsWBMAYLFPe4wT3a,dianitti3g@de.vu,1,User,1
126,Lina,$2a$04$c8P5nKMm40dkCiPGrOaANOCIp8OdeN9zlplMPDl92z7nyaX6l6.3q,lcavil3h@skype.com,1,User,2
127,Deloria,$2a$04$3SUJPezEkh699iDAH8pjk.o672P11a67gTLR2fI7361QgIOgZK1j6,drentenbeck3i@chicagotribune.com,1,User,1
128,Olivia,$2a$04$HCfO/nu3Rik0oC0QWldoEOvosdMsKlKQQaQzfsMG5uj/jsuqyGI5m,ovasyutkin3j@163.com,1,User,2
129,Berty,$2a$04$ecqF9Gmratuc1F975dv3teTbsw4yUfIw1sx8I7UGO3HTKFTjrWzJi,bferres3k@hao123.com,1,User,2
130,Lothaire,$2a$04$ELDS040pE8jrxg3xCpk5TeU4E0YVC.yzoIgFSp4ExzBjbiWjou0bS,lramas3l@shinystat.com,0,User,1
131,Gretchen,$2a$04$vowEurqhu1lNHo/9QtfDNO5Fc6idxeW.Y40mPF6Utj4tulWuqn/ie,gosgood3m@gmpg.org,1,User,1
132,Berne,$2a$04$bVfq0R2aegWTFbl16I8bYu6onCRfCHG/bV9mluqTFju/niamGQGqC,bthornborrow3n@rambler.ru,1,User,2
133,Claudine,$2a$04$i.cR79JjFXAohOdoEtGVK.Moh6yOT./vNJVbzi0YGaC.wbZU3Ua.y,cmarrable3o@ehow.com,1,User,2
134,Leontyne,$2a$04$dKY.wLI5LYSg8eonnLS7duA8QBvMjJMaLjzgRGwIMB9SMLAXcN8mi,lthorowgood3p@answers.com,1,User,1
135,Felicdad,$2a$04$Zqd/5scI.ipXDEQndH27nu5ukg4qxbgvYPjgCVct9jhBO8tg.1PZW,fhousbie3q@cdbaby.com,1,User,2
136,Pauline,$2a$04$8tx1M2ctfVQnyZEcQtLC7OdYuydOYTLmoni7Bxz/Ql8VzvUqOkYSW,pnys3r@utexas.edu,1,User,1
137,Katrine,$2a$04$E8hoCqrxgGzyPszEL4dktuUzlC2S3Yvc1MUnxvzXHXlM2lKOb4lpu,kdiegan3s@sourceforge.net,1,User,2
138,Alysa,$2a$04$m/XF/aqnIRUAJGMvfIDtO.xxhdeskuL5FiQxxHhoEAzywLWW4srXa,adenis3t@people.com.cn,0,User,1
139,Nat,$2a$04$CmHwEJs.KOxSxR8pRn25gu.oWKKZMkA6hOXpMJfKFGme8.Wf4/gW2,ndownie3u@feedburner.com,1,User,2
140,Ware,$2a$04$EosFqqA7EL9alE4EQRDTpORRBaaipuFDdIZs2Igw810iJ2runfo8m,wpoad3v@netlog.com,0,User,1
141,Fitzgerald,$2a$04$Hg8oNaOhWNrYcME8X6saLuJphliG9Qm9XTF.BclBmNhNjyi5.A0sC,fuc3w@biglobe.ne.jp,1,User,1
142,Charmion,$2a$04$9mCjnT.Kr251xtNI/Gofnu7SrWMe4sQz6/eI.O/IBFGc0M1Wy7q3q,cpreece3x@sakura.ne.jp,0,User,2
143,Holli,$2a$04$paBhWSMxJR4mf9SAOd4YTOgyHlZsrRzwDJZJjM.XnZcYGJr.U5AHC,hcawkwell3y@sciencedaily.com,0,User,2
144,Chelsea,$2a$04$Y9GPc/jfqXxa7pVRzvDxFeaJkVezffFNbWoD8cS0F7YFAShuQx6Ra,creynolds3z@eventbrite.com,1,User,1
145,Bernelle,$2a$04$yQawG8PmuTjqYsxsGwymUOvUZww/MWSeZ7zpzUb4vpmAGwY4hSgI2,brichardsson40@smh.com.au,0,User,2
146,Dinny,$2a$04$vDrhGgxQR7UHKLz9DI.OheUxHSvw3K6UJKcXf8ruXclSLzBRK3Dv.,ddudin41@walmart.com,1,User,1
147,Everard,$2a$04$SUIz3o4IFWkyXoB01CJKqOax.jYCcKRZyQNDBTmQNXlErcVsPY6ZS,ejanicijevic42@wordpress.com,1,User,2
148,Ryley,$2a$04$81lSgzVNRQ/JK67ZPsO/b.XpFWedx4R6GJVrPplrmNimdrod0zFaC,rleisman43@webeden.co.uk,0,User,1
149,Loria,$2a$04$oZqT2bg7FzVzHx/xuJapKeEoUAGUwQZvJJS9hAaJc8dUSIiXnWnty,lfarnsworth44@creativecommons.org,1,User,1
150,Hartley,$2a$04$aTrn8f6lCzMJ9DhS5NIL7ewxV8uskwV9pA3gK2Wbc6j/EZ1./x4Eq,hblincowe45@yellowbook.com,0,User,2
151,Tito,$2a$04$8uC9kowgoYlTS2jvN9.NwOLY3c4oEMJPq7gu6E0N30PBQE8KGGyn.,ttome46@myspace.com,0,User,2
152,Cathi,$2a$04$f9j.GxAClPqfSbsuyz8Gweg6JyiMtLxtQhoOnSQfa1ijljRXa7mUS,ckittless47@chicagotribune.com,1,User,1
153,Sigfried,$2a$04$8dn9UmJfen9fkRuDWjeAYuPX1DRGFr4JdBlTgBvb4XMhMJSLX8pPK,slowcock48@comcast.net,0,User,2
154,Curr,$2a$04$pa/VF9hVufCZLECLNTUeseH13OqYWLXR4kza.CPAwPN1GMWwyNCiu,cabelwhite49@jugem.jp,0,User,1
155,Upton,$2a$04$YnKWX3BnhMDYazkBGTEME.H6aeZWc1PYz9uILZ4oD/i.55RuLduY2,ubehan4a@ftc.gov,1,User,1
156,Pip,$2a$04$F31Yyj0EVLPgMDN.c5F/QOIJYlviunuACNn3fhFKDMgtBbVgwf5zK,pfrantz4b@marriott.com,0,User,2
157,Kylila,$2a$04$GixlvKIJSwYeWARFco4.AeGHklXxbq3L51XOxZ9QBW8Bqm9jF6ihS,kschade4c@squidoo.com,1,User,1
158,Carlyn,$2a$04$1WBWS.lKZf1KIjK44I6F9OJpllwTt7eMOsEhY7VtffOOanpllpM8i,credmore4d@dmoz.org,1,User,2
159,Sim,$2a$04$gLKYeWOnSFCxz1RC.qi9P.8sUygQU3SGGV3w.DPnzJD9wqhTUzDz.,sheymann4e@chronoengine.com,1,User,1
160,Markus,$2a$04$wNk6faIrpBLr8XCGV9.4I.yalviIxWAx.wmoOvr5GtLAmF/lFt9wa,mdingsdale4f@bbc.co.uk,1,User,2
161,Skye,$2a$04$IYp5bxYAv.5M4oeu/C2pxeC1aLXnb1qfjY2IiS/hQ6KBrucQXtc.m,smaccallion4g@tiny.cc,0,User,2
162,Ludovika,$2a$04$9zKaxDD6NWe4XtqGOc9wA.Tr6lJ8CSwK/FOQUhnA0ddHe8gxoFcze,lvuitton4h@irs.gov,1,User,1
163,Thorny,$2a$04$CaUQeR2SdcxkyrDw9Y7xN.cozVQ2ZNSbE/X53Fs/1cNUFi3wCdETy,tbootes4i@nydailynews.com,0,User,1
164,Trudi,$2a$04$zOgCI1SZr/w.1GXwKja4d.a3Xbu2N51zPCIA1tm1P8uGnVP6O8ZSm,tcecil4j@weibo.com,0,User,2
165,Kalila,$2a$04$F4XGpxjzaJSfyhmK5DYXp.D0UITVMAqGkj9THjr3kW5Ww3aoGH6tK,klamey4k@yahoo.com,1,User,1
166,Elisabet,$2a$04$6ATAHqPuq60nMcf4Pw/aOeBevdBqfaH2jx3ZOOjCGvl0Se70H62N6,edybell4l@arstechnica.com,0,User,2
167,Kalle,$2a$04$okoYynGnq44hg/n.Kcgr8eTy5JjskleFEAPTHMHIoquWk5RhQOqCy,kromand4m@merriam-webster.com,1,User,1
168,Eleonora,$2a$04$M6IUJx9lJunyojGS2LdRhexYGWM7Tg4BLimaGtdLUj.IzgcKwS8.2,eraftery4n@un.org,1,User,2
169,Candy,$2a$04$h6f3XtLpNTgflzXnYhF7nOUhjuacXZDnCIxpaf.qz22AqgFK4olyS,csnalom4o@foxnews.com,1,User,2
170,Lemmy,$2a$04$d5Aj60WvBjrAWocH522djOvg/.n2229jfUdHv/RKmp4pQEYjjVb3i,linge4p@usatoday.com,1,User,1
171,Hedwig,$2a$04$9btr62hFZ4L/sWhAFpQdOOd59vdTHIRj94malpomodrnMuKwOYPR.,hbucklee4q@tumblr.com,1,User,1
172,Cherianne,$2a$04$1Xr4YajBZk9UN3qg2naOtOXVFnywWRtM5lKrMofqhx6pzuG2YAvem,cschowenburg4r@rakuten.co.jp,0,User,2
173,Donnie,$2a$04$749CShJfh67egzO2C3Ibfe5I/bkLWrWdWiAMkgbrL6pL1F23mdJsG,dcowdroy4s@imageshack.us,0,User,2
174,Delores,$2a$04$OKc9QOdSahm0KZVe/K3Hfe5ks.rjwL2OdeuapUR8CN1GjbV5u/20a,dgouck4t@soundcloud.com,1,User,1
175,Damien,$2a$04$UY0CK/wqtMUwGZOM3WUP7.xYgkr/FEoMGdbN7fFw74TBVT/SG.4lK,dproske4u@wp.com,1,User,2
176,Pauly,$2a$04$1aWntTcAsAn0xh97WKs35.wQY0DDDSRGVfCrUcT9gEM26x5Gono92,pgieves4v@theguardian.com,0,User,1
177,Alfy,$2a$04$jP4ZLGcIsa7n0CpZClg5BO4hWntZx5LYhQpKdHRe4N6qcN.EgSeem,awaymont4w@blogtalkradio.com,1,User,1
178,Merrilee,$2a$04$ifEMAY1pvib73437lmJwcuwAOUW1z2xFH8HYnKEfDB5KdwrzjzVCq,mmacaloren4x@home.pl,1,User,2
179,Sheela,$2a$04$m26zrwrRRa/bfCT/R7VJieCka9SMZzF8Tm8X3JTVb3g7g1xaVdUCi,smcginny4y@samsung.com,0,User,1
180,Joya,$2a$04$5gTP9FK7K59MVbTsiQ531eCDDfgMhWTWwWLUuIWTNUwBJlho3J1rm,jdulson4z@columbia.edu,0,User,2
181,Edie,$2a$04$gKYy0sUoTQRsG9F72F4aIe4d5xG9vCiiJgejtGwI9yrCMXJA/RggC,eravenhill50@sogou.com,0,User,2
182,Rafi,$2a$04$0q34PDZxSitZA0Tiuy/3H.hbq36.EEZmqbJJGqYascthdUse4/CoS,rgrinaugh51@upenn.edu,0,User,1
183,Odele,$2a$04$ccKItn5.I9C1BKQecmBwd.FxU.Kj9aoeAeTufqXYiSJOicmas7xfy,oanthon52@dion.ne.jp,0,User,1
184,Essy,$2a$04$RM95hI2goymxZk5COD43QuF/fJYYW9q6nKFteU64wQczc.kqeaqce,eroot53@example.com,1,User,2
185,Antone,$2a$04$HxvUl6Hm85ZDldQKFI6dhuqUZt8nGSG4fPsJzxbrg5Q0H272lwDMe,aweddup54@elegantthemes.com,0,User,2
186,Gavan,$2a$04$5eMTmf4j0xemP.grNqr5KuMqESvQn49tlQN8VUxFe2LcRydItzDJa,gtunnadine55@drupal.org,1,User,1
187,Stefanie,$2a$04$slr9ZeAjv4zTUebwjcZbueg7GFZTjOnzxw.58qNcfSp2O8Tu4WzGe,sruckman56@com.com,0,User,2
188,Mitchell,$2a$04$JYqdo.SCabEr.k0kf6RmHe.0Rw7d9t7cHthMO26SHL.cJb0gnEiPO,mhesse57@shop-pro.jp,0,User,1
189,Ivar,$2a$04$SNAAmAYVIfhxRSbS.nXuBO6xdytvA1vSjGVKa7GFgvVEF4lFp/osq,ikershaw58@shop-pro.jp,0,User,1
190,Verla,$2a$04$oFvJz/WNuQt63vk4woqGV.ko9P4IXZgxpsnkKjS9tsS5naXXQDlk2,vkliemchen59@illinois.edu,0,User,2
191,Caressa,$2a$04$E4O2frzYfLUwB2XNcToM2up61gtpYmwTyPh6sN3cmm6.c9Joa7mqq,cbanaszewski5a@chronoengine.com,1,User,1
192,Doria,$2a$04$Y9MiCQ9J9mL2t6xGpNpD1uIUSs68htpLyiFsCac86n.Buw/2Ua2xO,dsobieski5b@sciencedirect.com,0,User,2
193,Adolphe,$2a$04$x6w208Cv.yC4RVP2UmcUaen6BYQ/2qUMsNSsrU05FYfo/xAtPG7DK,awillerton5c@google.es,1,User,2
194,Titos,$2a$04$.DC510Jkm72tTr3suxWhw.GrN.cOi88DXdZCpsN9wBEmbC1S7BV1a,ttubby5d@ycombinator.com,1,User,1
195,Pearl,$2a$04$5Kyt28bHJBXABbrWBzjYn.ZvNhPHi8YyY3e/jkcKwjgx0L3cp0PYu,pbizley5e@storify.com,0,User,1
196,Giffy,$2a$04$doAjSk0JTHYVLwRPckEWe.i.yzTeEbYnIcMd5e9cm6NtVJxqfoubG,gjorio5f@ucoz.ru,1,User,2
197,Tracy,$2a$04$Gd.UpJbSvPDdK8YjUuHNieHSW0C9bfZWDjWMvjmQZ8OMjxEauZbgm,tverrill5g@jalbum.net,1,User,2
198,Corbin,$2a$04$P4x4rzcDtoyQg4zQSl0bQOXE.sOcwovrpGXaeP0G2wrvLw6.dGVia,cperroni5h@weather.com,0,User,1
199,Reggy,$2a$04$CCKYV9KA3tcxl0VzJOWOtek9JYLu2OFF4P6Cj0RULqV0fN0Q9EA/y,reuplate5i@shop-pro.jp,0,User,2
200,Trent,$2a$04$.phLA6aq6UiXs9bPRKWWIum2DCm6yN2q8ZV9qKYowRo/TO594mVMW,torknay5j@typepad.com,0,User,1
201,Willi,$2a$04$ZB/SfIPubRAPpueOhejx9.IGRKseReCeGu/R73vpZs7gKEBuzUFQu,wwestell5k@house.gov,1,User,2
202,Goddart,$2a$04$906ahxVrlcDj2ehnRqzu1Oavo4b0Ymss4c1RlMKxMA.smvYh63cO2,ggolson5l@prnewswire.com,0,User,1
203,Pepi,$2a$04$l39nW3kyetJo03pjGyIgmeYQN1f2UEKlFrvIMIrlYiBTWMMtIqQxi,phoppner5m@sciencedirect.com,0,User,2
204,Giustino,$2a$04$CoV.B0GCfWj0YlpBs5GaBuzU4eOA81jgVG8sjL7DnlJM77H0BQHVK,gdelaspee5n@prweb.com,1,Admin,NULL
205,Susann,$2a$04$MKitdPzFQMePRmO9F9dFWO9y0vI46NOBxoKESmkByGwts6vClfOzO,ssharpless5o@rakuten.co.jp,1,User,1
206,Gearalt,$2a$04$DIF6Kdd6Tx8MWAVv3033A.SGJQ4MnSR7p5TAADnDtMl7V1l0o2gHa,gbloxland5p@mashable.com,1,User,2
207,Travis,$2a$04$HczaImInXYQhmickwufLtOmbnBlut8GQWaVqhqW7gnuaOTYifUz1C,tkyneton5q@microsoft.com,0,User,2
208,Cherice,$2a$04$0lgxJNsUQ1kVX/RrGCAoLeu/oKpXvpW2aGPYR8ghAk/s2MKn3EVfy,caronovitz5r@feedburner.com,0,User,1
209,Vivienne,$2a$04$9SOIQKUeNfFR.hlbgmdnNeNrV68/Iu4EeqRx/4WZl0.1O1qppUUY.,vletterese5s@sbwire.com,0,User,1
210,Ulberto,$2a$04$7XmAWcZ44q/OObwbfky1h.2MvxGUxfLNgcavFM083kCFnR2miqcAO,ulesor5t@lulu.com,1,User,2
211,Tobi,$2a$04$g4EBYj0xTJbRMv9eRExu7.m7rgPfTt8K9jKYW1pa49pwsuGEImiyC,tbrinicombe5u@google.com.au,1,User,2
212,Ardisj,$2a$04$lzuzhzxOes/jaSLTDtO6N.kqgc0E4rmGFlLI6MlWF0KWWKHc6BaJ.,askuce5v@chron.com,1,User,1
213,Bertrand,$2a$04$Ki.R4f5Zhe155WOZqHXOre8mmqXThd891Uhet.6jJi0lHRl/I1giG,bfaire5w@qq.com,0,User,1
214,Marty,$2a$04$Vm/hxrGbCZvHfocuprz10ObwQxcnFvA6Ehxu/wJH.6Cd2ZqkPDMk.,mbrandi5x@cpanel.net,1,User,2
215,Niko,$2a$04$3vP2gRKRwipChfLJRrk1xe.SkLTccvm5aRpdz4EdagdY/6wLqvUXa,nhaborn5y@dot.gov,0,User,1
216,Alfy,$2a$04$kYA.J/4wXKCDwIbXTK.RD.yVFAES3W1qlHvAMbU8BTo5xB1AduPxu,arolfs5z@com.com,0,User,2
217,Amanda,$2a$04$NL6CqbGPqEykBR1R1xsrpevN3w35KcyTxiOLOtCqguLV/BQBPWUsC,abriereton60@state.tx.us,1,User,2
218,Nonah,$2a$04$k/7vpdqs7Bwrw6zbqzFWWenqNVmxNT4ou.qFN4dDUpCuUynmT9kpa,nschneidau61@geocities.com,1,User,1
219,Dorothee,$2a$04$rh37GVQ9sfna8u7D6/qTS..hXs2JG3ump7rMYbFo5eOPxvZYfmdTW,dgerrit62@theatlantic.com,0,User,1
220,Douglas,$2a$04$gu5I5ekPZ4jZ6uq.wkLd0Ozt4qQIvwNqyBiwyx3xXs.EZMwOG26w2,deplate63@tripadvisor.com,1,User,2
221,Benetta,$2a$04$PaRQDWXAHfVpN54f635H9OAOjWUgt0cRfuuU/uI.UdyyEkuVpf3SW,bclemmow64@reference.com,0,User,2
222,Ellette,$2a$04$bM8YfWRIbLoqO69uqqeunegKaTJQ9FPvg7tWoRN/xA5NvWFIsiTbm,eivison65@slideshare.net,1,User,1
223,Elbert,$2a$04$bCkJGJNG2B/Za2Jfmdlx0ecm56EKLYZK48nEqgxcGPaYvxKdVq976,ewarcup66@wisc.edu,1,User,2
224,Ricki,$2a$04$xKXWaKItksokJnZNDf06pONluEKO3k6xvUcDYyn620lsyrwRl4rMm,rlunny67@cnet.com,1,User,1
225,Maurie,$2a$04$ELbhViUrecKWaJNL4.BaweYhGHK7UbDMJCe.G5kS644lJjq..CuIa,mhrinchishin68@xing.com,1,User,1
226,Elisha,$2a$04$9TSXc4WUSdJDgX1UTqyS3ullAzxUEXix5CtG31uYKNrOkpPRjch3e,esallinger69@miibeian.gov.cn,0,User,2
227,Catriona,$2a$04$gKR6ZC270Loeazj4Bn3fTuYIDln0qYDc7dEaR79zGkf40dsJ3M.pW,cgoodey6a@nyu.edu,0,User,2
228,Geoff,$2a$04$ohj1jj21ZJKcoit/v0MRqeaOCu3lEE8A6KOrQYRr/hUGRpVmOnZNG,gnormanvill6b@usda.gov,1,User,1
229,Gabi,$2a$04$2O7SiGiSEq/m9Otu3ZsEJeqMUV3EILqKz4ux69jD/eNExT6mz4Gc6,gohalleghane6c@chronoengine.com,1,User,2
230,Sindee,$2a$04$d/2xPFdHPFZrIhUn5rHaruvuYNX/53GU.3N6DYqt3bOLDOoWaYvvi,scristofol6d@tamu.edu,0,User,1
231,Taylor,$2a$04$jZT5yJ268wpzHQ.olSibmetZl/QePwJMoSEGRiD.5PdGldPusbRDa,tbridal6e@jiathis.com,1,User,1
232,Giavani,$2a$04$zk.W810B.1ywSxE68uAG4ulaWVJGJaKSFYE62pFahbT9dQrNmDTSG,ggreenroyd6f@cam.ac.uk,0,User,2
233,Harriette,$2a$04$MYQ9z/rtteiS1IBAaRaSAO843NT09dUXc3F/tY29A5ikpKl4SMzQe,headon6g@jalbum.net,1,User,1
234,Shir,$2a$04$b7zhosM4hWLk6sAUTkH.8.lMovfD3sHKAn91W78Zs/pZdrn05TsOq,sberrigan6h@hud.gov,0,User,2
235,Randie,$2a$04$./XZ7oXZSuye5hysFYV.Y.xOotXOi7OSdQoh5XhLHJXU9s3ryNp8K,rgeorgeou6i@e-recht24.de,0,User,2
236,Flor,$2a$04$Q0uoQ3SoTQLstU.vC5j2teec5tv3KbySoo3CDh98Gymx7i5tXeRme,fbolino6j@ucla.edu,1,User,1
237,Ricki,$2a$04$gIUWgimrs3As91lXhy/T5ernPDzhqHqOF8WgIlR4BqipLnUdNGTsi,rgarthshore6k@zdnet.com,0,User,2
238,Kendal,$2a$04$SmLHHCvKi59pN0BmtWVn9uWe9jqT3EDSxGo9VE8b1YwEl2P2cmuyi,kcummings6l@delicious.com,1,User,1
239,Herschel,$2a$04$IwG80PyaTqokBcsNcSHQm.9iLGZymxSkIXnPyJALgO7kdvJfGcjKa,habrahamowitcz6m@posterous.com,1,User,1
240,Thia,$2a$04$6TxN8KiN8HB.kTNeJQqzJerTGHYnwpZsnFZnbaJEpuINk7DjN/aau,treilinger6n@chron.com,0,User,2
241,Antoni,$2a$04$E7GRqzaytgsva9yYicujj.4vMh0PgF8Eq0I9A4gWfwoZCzPJ1LY0a,agrovier6o@arstechnica.com,0,User,1
242,Hurley,$2a$04$8j3rXY/QXS1lAnuc0Lnaq..YqYK/CcXt3kpQN5jgizKZxWVDnojtm,hgiraudy6p@google.com,1,User,2
243,Elnore,$2a$04$YmZG/lwA59QmC4jTEFi9q.wY8o5xooXBFpy80DQOVPDKa7hc4w1fm,eclericoates6q@hhs.gov,0,User,2
244,Penni,$2a$04$9VzMSv4b1eCmXXlo/W37U.hJ5ZWXo0BllvDDViJ/Er7It28BVQaJ.,pstuther6r@ocn.ne.jp,0,User,1
245,Kristofor,$2a$04$NDKP78ysH7R9zwkccY1Zg.A24FNITOJYTrnnDAOTtrtpaGFSFrqQ.,kmattioni6s@google.com.hk,0,User,1
246,Trixie,$2a$04$bgHUC6fqmucCAPRB6qsNCOf1dtw2TlSl201h/Ba171FVJ9xQLqIhq,tmckinty6t@mac.com,1,User,2
247,Bent,$2a$04$LdjgLVLnaesYC3YwmVjP0OFz7G2jp7FOMX9AzfhXvtM1y8L4HdN7W,bcaff6u@mac.com,1,User,1
248,Kathi,$2a$04$CzNTVsHOxoo0jAGDSl06Fe70gU9PILkzjekSLdIYlY3MCJTwgBCCa,kforsythe6v@thetimes.co.uk,1,User,2
249,Glynn,$2a$04$K2wKPwjFKa2/tfl9sV192.71aOLAXxehwc/5GdbRS9oGPzD50tP2S,gaynold6w@squarespace.com,1,User,2
250,Bax,$2a$04$w9uqgAXSgDfUhSfZVtEQTusPfnO7z91DcX76ao1yvDrwcyuBe6JLu,bchazier6x@mashable.com,1,User,1
251,Tarrah,$2a$04$BiMHqva09diSq7E.HGrSzOdC2yTF1sqPDjO7BDra00Ntcw5DDww8S,tbrixey6y@tripadvisor.com,0,User,1
252,Morton,$2a$04$P.hwyFdRM6Q25gjsiRdHS.eKKcCWguH4c1/ICxKYR/FB5DGkBPPP6,mscoggans6z@vk.com,1,User,2
253,Aundrea,$2a$04$sADIdG.VJ.P5gNz/FH0PHujEiMPdmc3qCcTRG6UGTKLNoeXnk0Sf.,asmallwood70@nhs.uk,0,User,2
254,Dolorita,$2a$04$rtjLcW4zMU9K0JMh8jxb3e0IotNdy8/QaFj97gJdFuqqfNJb8uMuO,dpampling71@mtv.com,1,User,1
255,Korry,$2a$04$BymosjfourcIy66286V5EOcVg5CU7pBR.b5C1lrbhiTV9mzZgLygG,kformoy72@blogspot.com,1,User,2
256,Heda,$2a$04$h7eqiioiQ6KyZiNSBcTWd.cjI5jZXkx5g.prAlA2t22gamakunBHm,hcowlishaw73@soundcloud.com,1,User,1
257,Aeriell,$2a$04$tXMtTY/5klXxJgM3wYCoYu01OBBvzyKhZdF39qx/8MzlAvF5AgThy,adaile74@clickbank.net,1,User,1
258,Nollie,$2a$04$s7GHCMTczLJAzFf3YTmoy.Zj70adkKaE7CGu3tbQdacPz7uR.DtXu,nferrarotti75@quantcast.com,0,User,2
259,Levi,$2a$04$8/CHn.fBN5.wLj/0kSzJgu/mFkmDE34I8SP.INJilt5Fc.Cllxhmy,lkattenhorn76@wordpress.org,0,User,2
260,Teddie,$2a$04$Vstr/a9Van.tGWaPLbibz.BGb3sEDq04/hCP7jubx6/Jdk0HaAMWS,ttuft77@senate.gov,0,User,1
261,Fleurette,$2a$04$RnFiRZwGk9og1pXFwE6Zte.jttx4XKH5ZrjNC6pvUiMUGaa3NSIUy,fmactrustey78@diigo.com,1,User,1
262,Davina,$2a$04$HBxkPOTi45Bs7kv.fnqU3uNK2sseWWmpCkdPyHMMCIipiVtF88Lve,ddilkes79@shinystat.com,1,User,2
263,Terrell,$2a$04$rtt.EozmTGivAyl.ynN9Pe.bQ0Sup6XTGHUhACoi4L4tdcVGLwtma,thead7a@fda.gov,0,User,2
264,Aigneis,$2a$04$imLjPgliIC95/beKtfuheeY2sgeZgBsRanY3LYrCJgTlBoQ9HBuv.,atixall7b@ovh.net,0,User,1
265,Faina,$2a$04$QCyAoVrR7ato0aF67nv7o.HCxVE260KJp8ewhMYC971w07TQPJCYq,fmcevay7c@blinklist.com,1,User,1
266,Giuditta,$2a$04$FkVJv6jsQwWofZW8W53aJ.jhjguYjEcJHcSZTsJwmrgkLB1UxLdBG,gsheehy7d@technorati.com,0,User,2
267,Devin,$2a$04$lP1a75MW4FWwsEcKro8nuOduoeq.8gyb5GQMLD/4MWfwzCfOhMCN2,dputtrell7e@csmonitor.com,1,User,1
268,Ase,$2a$04$Xtxn4ls66bTkrGxCbatc7uIlS/pdvnU..akZDC8RpEAfFA4thDfDe,aspry7f@nbcnews.com,1,User,2
269,Addy,$2a$04$HSgN1u5cd0NXumRLnddBXOd7oA6fhF4peOhun2l3IbjDqp0udc41y,abiddlestone7g@google.com,1,User,2
270,Werner,$2a$04$iDfAyTq4JMdNJRxkB0qkJe/jmUzouuAFRQEwoN1V/8fhrzsS.OCbm,wfearnley7h@constantcontact.com,0,User,1
271,Issi,$2a$04$zH927JKBm5v.mG6ZCH5oVOrmLLiR3KDRQ6K/KNi2YhO9d9tncoecK,ibabar7i@google.ru,1,User,1
272,Brier,$2a$04$T5TxsBlHfWYkNudPbcoBreF0b8J4AGiotatyw6YHrDcqRPOq34XeC,bpischof7j@china.com.cn,1,User,2
273,Renaud,$2a$04$o98GX7bNlIv3WZSYAase5.zk.NcAtsa.zvvqAz7Pob1ViA7UdOWee,rshadfourth7k@state.tx.us,1,User,1
274,Elsworth,$2a$04$TfVmwL1EKm/4Opp1/Bw7NuVuiB8mNze.dW38T8Mblu8S23mGGtWRS,etomasek7l@shareasale.com,1,User,2
275,Nelle,$2a$04$o1ZNwHmgNn.ZOKgJPgQmu.X4FVFhVGHEnZqDk4GbjyDmQ0POj4oJi,nmccullagh7m@bbc.co.uk,0,User,2
276,Kathe,$2a$04$7I2RyQ4KBOQd3dfuIDAclO4czHFpEGuPY8aBEodqAERpCyVykiA4W,klongfellow7n@europa.eu,1,User,1
277,Ephraim,$2a$04$mX82ZoHmTGmbBM7mY/JOVu/ReMWRjANgTBspCQLFR6r7HDtyNnHF2,esigmund7o@ezinearticles.com,0,User,1
278,Lev,$2a$04$FkbOAPZO4AsXdAD5colUz.BJRUAIESraupDoQbOOS7zWjwLGqMX0S,lcambden7p@people.com.cn,1,User,2
279,Costanza,$2a$04$Kz4M8BRDjvO3KFpvdjdCwe1O4D7m.JPAagAAGMhKU6KRHHxaLSGqG,cflipek7q@wufoo.com,0,User,1
280,Peri,$2a$04$tu82ekkoFoMcUfGziCwsU.7af8BGNzTXjLA0gYRFAWLbwLSlTAvDC,psinisbury7r@cbc.ca,0,User,2
281,Morgana,$2a$04$ZoBQF21EXGoDNmLodqtWeuC6VmWiavcqtPWef/Vkff0PJAIlV3Wde,mramsden7s@meetup.com,0,User,1
282,Tremayne,$2a$04$p9kP0afseybCp013q97hpOjOX0iIwBGQzCFKesV3eyQIkB4hrHa0e,tklimmek7t@chronoengine.com,0,User,2
283,Shanie,$2a$04$aRvG3Kf/dnJoYaIgXEX09Om3kJ9/ht29AKBApbQudkgYOPtOvfoO2,schanders7u@posterous.com,1,User,1
284,Gian,$2a$04$j3ss3yA0OIpkIBmROpPXwObADpjdeyXdHPt.JFnnSKjRX3KhsBBLG,ggrabeham7v@soundcloud.com,0,User,2
285,Cameron,$2a$04$Rc3QMwjTZgjrda19kCCx9eKn7ovtCdQsL0hOww/3vkbcIxdQBopkO,callom7w@t.co,1,User,1
286,Yank,$2a$04$eY6mXBO/.CBnx4X8KLtD3.QSgHH1.XUnydOKW2QmCN/IS7J6hNe52,ygargett7x@ezinearticles.com,1,User,2
287,Genni,$2a$04$2SD7KTclz24fDtYB4E2y5.zSsHAOD80Lt0mfqwd8epURs.jawkXJu,ggavriel7y@typepad.com,0,User,2
288,Kelcy,$2a$04$syErnCiDWxkwEKYGHfMs5eDsWs/MyX521XhQqSHXfDorso5PVwRXW,kleivesley7z@mapquest.com,0,User,1
289,Joye,$2a$04$a5cG/HZst9Upi.TMFCn7lOQQBvIKFUOMkZvog1esE5sURNgiDz4yS,jdeshorts80@ed.gov,1,User,1
290,Werner,$2a$04$7m5wjVryIyvYQ2.8j13DO.5tcOdEFdh.0XwaarmqLIZcx5I3WhalC,wbrayne81@unc.edu,1,User,2
291,Rolph,$2a$04$TcMG/zjwePI46gs5iH.znOjuMntylMvsZTfpzUvJFXV4T3jw7qgvi,rvanzon82@amazon.co.uk,0,User,1
292,Petunia,$2a$04$M2.o7To5TEsJoI1hgIr4Q.O8C11ayotDaDSg1Y547vKjGQUn2AObK,ppairpoint83@discuz.net,0,User,2
293,Vere,$2a$04$5M5Xh99M7MJFUBtg4wZGOO6NRax3WPQx9x9CyjlSQY0Erqa35f.ee,vrohlfing84@scribd.com,1,User,2
294,Zandra,$2a$04$s5mgmmyPDSkvW3p9t/6Zhe9IQY1ZCkqAZ5bCwHtX/ia1T4AgoUx4K,zpaler85@pagesperso-orange.fr,1,User,1
295,Alex,$2a$04$GSzx049mDMaBxbMkrKJM8OXUDNZVX12w4JeczwVV9gA9QTcymtlp2,ajohananoff86@altervista.org,0,User,2
296,Regine,$2a$04$.LcspCWSljhs04B/sgsrxekALFdqPOPxIcav.QoUG1rj.L2nIIXuO,rgraffin87@t.co,0,User,1
297,Cammy,$2a$04$2v53kT/j1SL7KQr7SBHjO.OKAlIK2guKSg34EL1b9RzhhxxubaUSu,clamberti88@freewebs.com,0,User,1
298,Davita,$2a$04$aJGg4QIB1yzA5YYpIqJ1tO.Y7Bf080tQOac6TGEi6Y/3ckB12oMdi,ddelafont89@npr.org,0,User,2
299,Therine,$2a$04$OMg4jhgNN.G.atkirZQVLuBXoiNQjAMWKrwYyEqKhSQy4qfh52Tcm,tdodge8a@earthlink.net,0,User,2
300,Ninette,$2a$04$BSQ7AdsKuZrPd/Vzo6ctA.WGg6qHHibhkv4sxE6BCHUouq.OyInJW,nshurrocks8b@va.gov,0,User,1
